Sample ID;1D_11;1D_12;1D_13;1D_14;1W_10;1W_7;1W_8;1W_9;2D_19;2D_20;2D_21;2D_22;2W_15;2W_16;2W_17;2W_18;3D_27;3D_28;3D_29;3D_30;3W_23;3W_24;3W_25;3W_26;4D_35;4D_36;4D_37;4D_38;4W_31;4W_32;4W_33;4W_34;5D_43;5D_44;5D_45;5D_46;5W_39;5W_40;5W_41;5W_42;6D_51;6D_52;6D_53;6D_54;6W_47;6W_48;6W_49;6W_50;7D_59;7D_60;7D_61;7D_62;7W_55;7W_56;7W_57;7W_58;8D_67;8D_68;8D_69;8D_70;8W_63;8W_64;8W_65;8W_66;9D_75;9D_76;9D_77;9D_78;9W_71;9W_72;9W_73;9W_74;10D_83;10D_84;10D_85;10D_86;10W_79;10W_80;10W_81;10W_82;11D_91;11D_92;11D_93;11D_94;11W_87;11W_88;11W_89;11W_90;12D_100;12D_101;12D_102;12D_99;12W_95;12W_96;12W_97;12W_98;13D_107;13D_108;13D_109;13D_110;13W_103;13W_104;13W_105;13W_106
Treatment;Drought;Drought;Drought;Drought;Watered;Watered;Watered;Watered;Drought;Drought;Drought;Drought;Watered;Watered;Watered;Watered;Drought;Drought;Drought;Drought;Watered;Watered;Watered;Watered;Drought;Drought;Drought;Drought;Watered;Watered;Watered;Watered;Drought;Drought;Drought;Drought;Watered;Watered;Watered;Watered;Drought;Drought;Drought;Drought;Watered;Watered;Watered;Watered;Drought;Drought;Drought;Drought;Watered;Watered;Watered;Watered;Drought;Drought;Drought;Drought;Watered;Watered;Watered;Watered;Drought;Drought;Drought;Drought;Watered;Watered;Watered;Watered;Drought;Drought;Drought;Drought;Watered;Watered;Watered;Watered;Drought;Drought;Drought;Drought;Watered;Watered;Watered;Watered;Drought;Drought;Drought;Drought;Watered;Watered;Watered;Watered;Drought;Drought;Drought;Drought;Watered;Watered;Watered;Watered
Time (days);1;1;1;1;1;1;1;1;2;2;2;2;2;2;2;2;3;3;3;3;3;3;3;3;4;4;4;4;4;4;4;4;5;5;5;5;5;5;5;5;6;6;6;6;6;6;6;6;7;7;7;7;7;7;7;7;8;8;8;8;8;8;8;8;9;9;9;9;9;9;9;9;10;10;10;10;10;10;10;10;11;11;11;11;11;11;11;11;12;12;12;12;12;12;12;12;13;13;13;13;13;13;13;13
2474;69498;50662;67690;62244;59665;60554;83337;76717;92340;142423;160703;109318;113090;109076;110719;112612;65783;69867;68390;87371;66666;84196;60654;115253;;76993;75837;91419;74036;89615;94684;87657;66800;81782;85852;62827;70760;58889;65952;70458;73835;85531;69044;80272;75135;82922;76447;85055;89813;91319;86010;75931;72038;78698;106817;82926;78592;70677;99574;84855;81728;116207;73524;75618;32257;83551;70986;78146;81083;78209;78144;55380;60346;117776;71771;109179;88864;88666;75708;65914;81185;108746;90607;76454;86517;82598;41218;64569;99934;107391;77814;81177;72683;64659;71667;93509;147980;144169;91484;218153;73939;83001;87125;77169
3202;2245;7956;6847;4492;7938;7672;19419;10209;;;0216;;;;;;2877;6579;7619;2442;14212;18527;6666;25314;;9312;5971;13293;15750;20333;15213;12400;10173;23576;16605;4051;17670;6799;16146;12711;10616;8919;9559;14421;16209;16850;10842;14001;5651;10294;7771;6663;4185;10395;17048;17237;7166;2722;8934;13951;12254;18981;9796;18136;6787;4947;12744;16340;11034;13689;6273;7278;12099;32955;11769;17549;30226;40783;20422;15333;27868;10311;11083;24425;17206;8074;4928;14574;5440;12617;11344;7582;6616;6349;20909;17090;8566;10414;2047;14849;5934;9291;8464;15558
3235;;;;0553;;0890;;;;1457;4749;;;;2243;;;;;;1259;1979;0117;2459;;;1511;2687;1661;1504;1363;;0799;;1870;;0951;0882;;1554;1225;1417;2155;1079;1546;1217;1775;;;1568;1233;;0553;0970;1927;2345;;0393;;1446;;2128;;0974;0563;;0979;1427;;;;;;3865;1540;1790;5611;2541;1968;0881;1473;1063;;1246;1052;2562;0495;;;1081;1010;;;;0946;1338;0997;;;1154;;;;
4549;136218;193827;95525;171190;131639;380251;279558;307693;6829;12753;9023;12595;12095;20498;9798;24388;320224;309801;298176;250977;195794;373585;310013;432950;;356357;399311;371231;548123;722200;595779;376386;432384;728261;521623;310007;267284;395749;635518;452723;360046;445741;478087;363789;412982;429256;410680;345728;433075;600926;454850;420082;344169;480029;748756;548137;389683;267101;369023;503195;368322;472432;338895;428061;229160;280386;444485;480438;368280;408153;350640;399481;469763;814578;426763;533818;738136;551316;481898;346911;492371;529314;495282;696997;371061;333194;231591;341252;346432;501344;333901;383109;323544;270562;369708;371333;727183;914412;333491;936805;313355;335442;325245;294540
Abscisic acid (ABA) ;0475;0192;0540;0650;0337;0461;0358;0805;1344;2227;1255;1312;2253;2116;2257;1522;0769;0676;0659;0742;0760;1318;0711;1103;;0868;0798;0734;0915;0972;1840;0892;1083;1291;0797;0671;0927;0390;1013;0892;0720;1078;1351;1520;0610;0785;1004;1158;0616;1759;1177;0660;0756;0671;0980;0777;0681;0707;1485;0568;1066;0955;0724;0662;0419;0526;0961;0497;0715;0632;0907;0475;0672;2258;0913;1600;1083;1968;0968;0714;0784;2023;1851;1589;0897;1224;0323;0856;1460;1088;1633;0571;0761;0435;0699;0737;9547;5296;1799;3962;0744;0755;0668;0610
Adenosine diriboside ;;4025;3490;0999;4168;1159;4883;2299;10418;15310;;5432;16169;2618;16442;14303;3166;2079;0403;4532;4487;3735;1991;3952;;3847;1148;0921;;3806;6497;3168;0906;4060;0376;2276;1712;;5468;3033;2546;1572;4421;;;3295;5851;4061;2045;;1685;4015;0490;1747;;5565;3185;2361;1660;;4308;3597;4205;3147;1623;4113;4103;2989;;3787;3090;;3511;2603;0276;3944;;4015;1871;;0355;4210;1685;3946;3419;5019;2168;3156;3167;2486;3486;2445;3546;2112;;2413;4208;1671;0359;1377;3149;0130;3783;
Agmatine ;67080;60860;67532;30494;13662;38285;37873;59935;9279;5628;1848;3381;8959;14538;21083;10822;16101;27531;43795;14448;33177;249644;47129;102809;;17922;12791;21525;32871;18735;12691;26082;12501;56541;22325;13901;20500;36359;28314;43001;9554;13447;16385;66880;65791;45528;24779;25615;4753;58602;33883;20037;59227;108917;99860;92250;81113;20318;102231;54514;92285;132137;55906;89822;22695;18716;78442;53010;36964;30112;51225;39615;66075;11728;19695;28767;270118;31306;21077;100826;49690;16760;37679;74989;21570;18833;18426;72341;26751;31691;70750;22366;22351;22687;84303;29950;56456;17995;37143;16472;17755;31368;21521;29239
Anth 1 ;1017;1430;1345;0896;1567;1956;2396;1939;1368;1626;3964;1873;1972;2105;2005;2619;1245;1339;1097;1051;2271;2350;1769;3011;;1334;1614;2505;2381;2657;0980;1530;1624;3493;1649;;1181;0773;;1537;1743;1655;1257;1828;1303;2213;1543;1315;0941;1963;1604;1224;1302;1471;1536;1800;1335;1451;1710;1932;1138;1948;0954;2439;1192;0945;1278;2001;1441;1043;1429;0966;1600;3595;1569;2908;1927;2038;1726;1025;2186;5474;3177;2999;1268;1269;0889;1618;2617;4177;1575;0950;1246;1022;1987;1103;15587;12297;2315;28685;1007;1597;1704;1484
Anth 2 ;;;;;;;;;;1587;2477;;;;;;;;;;;0027;;;;;;;;;;;;;;;;;;;;;;;;;;;;;;;;;;;;;;;;;;;;;;;;;;;;;;;;;;;;0828;;;;;;;;;;;;;;;0900;0680;0111;1045;;;;
Anth 3 ;;;;;;;;21422;;;;;;;;;;;;;;;;;;0060;;;;;;;;;;;;;;;;;;;;;;;;;;;;;;;;;;;;;;;;;;;;;;;;;;5055;;;;;0426;15200;3648;3875;;;;;1805;11124;0818;0152;;;;;43480;36049;4385;102344;;;;
Anth 4 ;;;;;;;;;;;;;;;;;;;;;;4107;;;;;;;;;;;;;;;;;;;;;;;;;;;;;;;;;;;;;;;;;;0143;;;;0023;;;;;;;;;;;;;;0872;;;;;;;2349;;;;;;;;1586;1254;0197;6102;0115;0128;0125;0152
Anth 5 ;;1482;;1273;;;1065;4167;;;;;;;;;;;;;;;;;;0689;;;;;;;;0186;;;;;;;;;;;;;;;;;;;;;;;;;;;;;;;;;;;;;;;;;;3535;;;;;0267;3584;1120;1095;;;;;0819;2481;0572;0181;;;;;6211;4751;1203;12799;0278;;;
Anth 6 ;;;;;;;;;;;;;;;;;;;;;;;;;;;;;;;;;;;;;;;;;;;;;;;;;;;;;;;;;;;;;;;;;;;;;;;;;;;;;;;;;;2620;1071;;;;;;0687;1131;;;;;;;1574;2635;0388;9063;;;;
Anth 7 ;1800;1557;;;;;4504;29003;;;;;;;;;;;;;;2651;;4599;;;;;;;;;;;;;;;;;;;;0251;;;;;;;;;;;2280;;;;;4902;;;;1907;;;;;;;;;;1174;;7787;;;;;2752;19046;5479;2375;;;;;3358;8710;1254;1193;;;;;35114;68245;1960;105378;;;;
Anth 8 ;;1844;;;;;1590;;;;;;;;;;;;;;;;;2614;;;;;;;;;;1769;;;;;;;;;;;;;;;;;;;;;;;;;;;1817;;;;;;1803;;;;;;;;;;2305;;;;;4612;2028;1978;;;;;0854;1643;0272;0559;;;0744;;0625;1552;0389;4225;;;;
Anth 9 ;;7168;3209;1668;;;4013;1962;;;;;;;;;;;;;1662;1895;;2814;;;;;;;;;;;;;;;;;;;;;;3379;;;;1251;;;0807;2209;2106;;;;;;1237;;;;0132;;1741;;;0317;;;;2359;;0772;1825;;;;4503;11051;17663;3889;;;0566;0327;9696;12755;2703;1015;;0337;1049;0066;10143;11886;1379;24228;;;;
Anthranilic acid;;;;;;1808;;;2106;;5133;;2018;;;2739;1002;0061;;;;;;;;;;;;0327;;;;;;1157;;0578;5223;;;;;;;;0143;;0224;;;1628;;;;;;;0911;1202;;1989;;;;1341;;;;1093;0609;;;;;;;0356;;0364;;;;;;;;;;1018;;;;;;;;;1131;;;;;
Benzoic acid ;;;;;;;;;;1904;1205;;0669;;;;;1070;;0370;;0625;;;;0519;;;;0699;0551;0122;1661;4820;3929;0686;;;;;4393;3185;3095;;;1750;3429;;2565;7974;1771;1588;2889;2446;4030;4670;5038;2725;5268;4102;4035;2866;2431;3774;1185;4138;4388;4262;0740;2244;2932;3464;3351;5226;2642;1572;2417;2704;1312;3053;1736;6445;4294;4085;2224;3612;1751;2490;;;3160;;2949;1836;3384;3447;0787;;;;1112;4259;;4152
Caffeic acid;;;;;;;;;;;0188;;;;;;;;;;;;;;;;;;;;;;;;;;;;;;;;0264;;0080;;;;;;;;;0501;;;;;;;;;;;;;0428;;;;;;;;0110;;;;;;;;0791;;;;;;;;;;;;0145;;;;;;;0278;0683;
Camalexin ;24921;17719;26874;3138;5838;11106;7190;8794;24498;39924;3307;5158;20234;32884;142687;45800;20665;71999;3664;40463;48243;18737;59009;6474;;10826;4339;2886;25847;57356;27921;8379;15347;17697;12970;7254;16322;7630;5401;27883;4232;2676;18308;3276;4622;27726;5323;6028;22030;1075;4819;3883;22214;51287;29421;10504;24353;1322;3669;21007;7403;10546;5773;1983;0406;17799;3000;1327;6457;39740;82500;44753;0788;1165;0088;3770;15468;0900;0089;2716;1285;0663;7314;1027;16935;5105;12411;3410;6869;0524;2201;0805;38696;4643;5853;16874;6798;0272;269064;2650;8835;16313;14123;9559
Cinnamaldehyde ;0456;0176;0504;0306;0566;0341;0216;0151;5608;7057;2200;5510;3524;5232;5805;4586;0472;0283;0375;0836;0449;0270;0439;0791;;0490;1068;1143;0505;1597;0623;0396;1207;1170;0982;1192;1669;0895;1574;1065;1087;0408;0858;1195;1126;1123;0883;0510;0495;1380;0630;0425;0915;0853;1077;0341;0425;0170;0087;0324;0296;0629;0898;0391;0113;0173;0519;0836;0557;0829;0565;0693;1372;0807;0927;0661;1760;1053;0503;0530;0726;0635;0478;1324;0438;0378;0133;0542;1393;0577;0296;0717;0732;0391;0770;0417;0776;1324;0600;0741;0615;0248;0539;0289
Cinnamic acid (trans) ;;1577;3570;;2357;2345;;3426;2495;7325;5835;2593;3048;4062;3778;;5252;2715;0628;;;2459;4771;;;;1126;2769;1733;;4649;4716;;2134;3752;2591;0379;1526;4565;3423;3079;1841;3247;2054;2253;1862;3666;3258;4072;4689;3009;3151;2006;;4286;2017;;1978;3873;3369;1418;2904;3082;5122;3068;3076;2536;5743;;3608;0943;2958;3756;6689;4370;0982;;;;;1994;;3253;;0976;1793;1313;1785;1150;2509;3259;4746;2014;1100;3470;;1940;6080;4477;6563;2606;3861;;2275
Coniferyl aldehyde ;3785;10720;14313;6450;7130;13847;19416;15524;3121;;3338;3499;3477;4604;4673;4057;5972;14675;16665;5619;9692;18200;20204;16030;;6860;9870;3674;7449;15490;11965;17387;3940;12479;9598;2884;8745;3912;3337;3804;7604;4559;3209;8389;13118;21654;6856;19387;2591;12198;7992;4540;5986;6671;4558;4456;9011;;9214;25870;20494;19083;8370;15313;3853;2478;8459;17218;8064;13773;9229;8211;0936;21772;9312;7655;10874;28128;16422;26310;14985;13148;17729;13228;14511;17053;9149;34417;23288;22044;26807;17541;11763;28352;20749;22974;6872;21180;9431;20699;20207;20608;18397;30752
Coumaroyl agmatine ;717113;1665293;1080067;1575035;1261912;1952020;1364514;1651357;2177217;2986919;1128015;2759924;3453337;1411865;1844410;1406823;2191995;2628176;899427;2113348;824498;3383902;1509161;2608788;;934905;1196111;2562991;2309733;1413793;1385072;887442;1005200;2828099;2091269;2047512;1790126;1561136;2304372;2261827;615476;654600;1510437;2095995;1484102;1467549;1309063;2639215;1176274;1916257;6208236;2139132;2979643;2657282;3023514;2878482;2069286;1042715;1005733;907851;1998050;1413227;1506886;535645;480626;1130824;1921122;684768;1825374;1517875;1748771;887422;4605181;767473;1163055;1564660;4653506;1756189;346974;1586263;2283990;1559816;2276163;1241292;2101048;2229404;2113204;1123310;5534249;689321;2004539;1088352;4454871;1131596;1417795;831909;1375920;1029147;2381688;1314967;716921;1175118;4837817;1385057
Coumaroyl putrescine ;6275;11397;6262;7680;5066;13421;12030;6727;22578;31602;24292;20258;18877;16097;20072;18771;10308;6031;8369;6405;7067;11282;5911;15823;;7619;9231;9633;8361;9250;11082;10300;6335;8404;6266;5347;6405;6048;13790;5094;6324;7532;6816;12667;7423;7917;9861;9009;10857;14062;6288;9370;5468;9505;10872;12257;12050;12706;14608;11163;11574;13666;6649;14365;4063;11552;7781;11646;8067;9231;9114;7373;9928;14063;9132;10946;12681;14834;9433;8126;10623;8149;8097;8369;6124;9007;5361;7326;8601;8673;7374;7514;6953;6843;7188;5105;7970;4782;7236;10852;7974;5921;9012;7811
Coumaroylcholine ;0839;1681;1714;0912;0823;0574;0994;0651;3348;2513;3174;4128;3163;3834;6168;4987;0738;0996;0807;0746;0724;0443;1442;1394;;1222;1417;1024;0837;1749;1000;1790;2201;2623;0935;1196;2017;1956;5125;1737;1240;1408;1650;0489;0630;1252;1416;0783;1165;0481;1076;1111;0966;0989;1002;1474;1408;0794;0789;2179;0709;0899;1031;1056;0898;0789;1203;1347;0908;1240;0745;0420;2853;4781;3933;1725;1853;2305;1385;1482;3346;2847;2556;3874;0431;0841;0545;0961;2693;1482;1508;1008;0441;0724;0796;0748;2005;6396;2109;4254;0674;1277;0786;1031
Dihydrocamalexic acid ;16125;13157;15413;14968;17369;15584;16191;21649;13063;9666;14513;20652;15805;13773;10900;12160;13296;9425;13180;14263;15669;12707;13398;17469;;16343;13729;18587;17295;22647;16818;14448;15495;18108;14228;11539;14628;13273;15964;19697;11941;16105;16897;17654;15362;13539;19915;18301;17878;13300;11512;14761;9631;13614;21187;14158;11403;11170;9649;17214;10260;16764;15136;17015;6319;14010;11194;15246;16139;11427;14786;10813;22853;19471;18839;16877;25524;12790;15678;17539;17903;10530;11269;17054;15542;12554;10219;9499;12441;11637;14199;17225;10536;12246;12107;11278;22741;15452;15461;18965;11807;15259;16105;8125
Feruloyl malate ;0840;0202;0550;;0761;1778;0526;0814;6627;13693;24118;3605;2644;10602;11053;9151;0885;2150;;;;;;2907;;;2264;;0325;;;;1583;5500;0733;;;;4997;;0914;0813;2366;0736;;;2072;0833;2066;5453;;3359;0957;3936;4147;;1538;1531;5694;4549;;5236;;2880;2274;2218;2014;;1412;0812;;2024;2895;4758;1539;3120;;1039;;;1361;2552;3289;1660;;;0464;1588;1554;1427;1414;;;;;1463;;;;2771;;;;1590
Ferulic acid;3556;3685;4216;3397;8461;0528;2906;2063;2089;4911;3764;8106;2751;2947;5371;5115;6820;8070;6459;6001;8636;15065;5806;11769;;4349;7027;5528;8160;5211;7742;9420;7077;9559;7371;6288;4239;7016;8776;7835;5332;7022;8695;8695;10816;6739;6433;7396;7157;10504;10585;6976;5936;8555;16038;5334;12018;8318;8659;9713;10835;11045;5582;9056;4484;9474;9573;8639;7273;7812;10012;10024;5688;8504;6506;8842;12004;5715;7527;5138;8335;10107;7087;6871;7564;5952;4880;8160;6616;9187;5587;7792;7798;6073;7894;7086;10954;7983;5484;8724;7816;8006;8058;8582
Feruloyl agmatine ;16839;58036;32484;35086;44592;149774;87444;126397;33063;35481;5220;46177;28905;6198;23756;17076;57439;105389;43919;156090;47488;143712;53286;133669;;38375;72828;138636;74508;37528;42533;51461;65959;131596;91825;69508;65927;99692;88062;226752;29954;32817;66233;102454;59501;69799;49667;98376;63100;88500;440803;82034;172068;125285;121920;99868;79546;57324;54342;43552;97672;57306;54719;20366;30835;45564;133570;32912;86045;72033;56931;33090;219385;33252;49811;152958;542529;57538;13406;96672;134384;60315;154030;53240;79228;102039;79631;46164;255477;36798;77452;51315;217441;89049;86945;44997;73404;54583;122360;59544;41249;34687;172473;42605
Feruloyl putrescine ;4400;5674;3103;4130;4043;11350;8383;5623;610759;693507;1177611;627456;948654;1018098;681393;896580;15290;8965;5258;12195;8374;24199;5529;25159;;15552;12912;19952;14148;24705;13791;16045;9184;10735;9401;5585;11623;4790;22955;10089;10520;16285;13624;15736;12336;14088;12462;12262;19244;29007;28923;22934;14189;32600;23847;33400;20503;24056;30449;30937;13338;36449;7605;14484;15010;23588;18924;19897;12308;14525;10952;10908;9305;20220;9344;17225;13930;8921;7205;3552;7578;13093;14263;15968;3917;5949;4326;5058;18658;12703;14772;6541;3852;4466;7037;5033;13859;16874;12736;12858;4720;6585;6779;4915
Flavonol 1 ;14896908;19736876;17395889;14303072;16590172;22234267;26445174;18194809;25442361;31298814;55532186;33306255;28975498;39032342;29309655;38004529;16516694;16395609;16198806;13447793;22703350;23578508;20856776;26756520;;17317146;20975063;26159136;23306800;26821641;17675850;19825282;18401990;30235491;24514257;14149942;19300718;17867027;17587632;21711780;20108376;21242135;21908031;22659453;20714658;18466879;22895664;20266451;17482596;27934190;20598097;19444249;16640032;20928780;25273462;23835405;18732549;18465258;22902981;27300886;20244657;23867092;17273344;22058747;11580060;16596844;20322405;24568397;20869979;17999977;17877167;18194488;19819781;38958354;23572374;25598195;30729310;31196000;21161925;18369575;26067354;24721007;26116890;30597579;18844925;18396092;12219854;18973082;21668565;20397091;21207272;22064292;16670027;16236494;19024884;17383757;25813288;31090641;19054007;35557081;17966281;20476605;21136208;18663270
Flavonol 2 ;57450;91679;69031;57749;61910;95607;116752;70664;85951;103448;239069;144326;111474;144775;112172;151068;58507;66106;67855;52259;96660;92376;88442;111773;;69194;96035;123326;93176;117513;60632;81052;83458;138872;102020;50263;76037;64330;64859;92478;85016;100882;92441;94645;83061;69819;98765;86410;64417;123199;88277;75905;63972;86709;111149;98948;72003;80138;98672;132644;85874;98865;69432;100815;58022;65160;93655;118589;88427;74980;71061;95498;73817;214482;112608;115654;129681;145765;87086;81501;118826;119067;133124;151414;77134;71112;54849;92200;101204;89193;101247;101285;67728;72259;85309;75465;114915;158439;80270;188116;82784;90251;88906;88298
Flavonol 3 ;4739870;6198073;5318771;4410691;5162545;6905594;8229648;5438570;7913206;9707389;17479700;10339824;9403130;11975321;9251993;11687036;4981664;5041549;4915631;4039274;7061977;7189108;6316119;8065056;;5388156;6500078;8489474;7066062;8324162;5363868;5982489;5767048;9825189;7745276;4400057;5909212;5349766;5361053;6829317;6609586;7023689;6989640;7177053;6527636;5790251;7377041;6347268;5442164;9138943;6572486;6186427;5264709;6529038;8165519;7719351;5699101;6030438;7466142;9104794;6430851;7595988;5465927;7248557;3856513;5447343;6642946;8099169;6789851;5735468;5658713;5963804;6439491;13138563;7927268;8513552;10090560;10086970;6767629;5946307;8308381;8202435;8840844;10371241;6024229;5986072;4034028;6264492;7144507;6920572;7010206;7451127;5328928;5248579;6426825;5802627;8452973;10461279;5977465;12355902;5962046;6778029;6836058;6262712
Flavonol 4 ;8446978;10763893;9312344;7337651;9152147;13136535;15461160;11059384;10184982;11282446;26796753;13129168;10767372;16190623;10624052;15271605;8574403;9218807;9574449;7509567;13887672;12701106;12008265;14700003;;10089033;12894475;15861618;11842631;15077638;8722237;11266527;11038050;19322491;14214411;7696372;9992598;10051867;8796778;12782230;12255499;13337715;13549530;13590460;11417188;9836300;13364129;11746155;10233491;17541563;12688003;11859135;8667370;12477615;14237155;12710802;10571870;11003860;13248481;18262119;11540019;13185209;9651308;12139770;7096373;8877564;11774712;15402103;12340698;10268881;10039322;10600408;10367086;27210978;15585155;16868611;16894015;18734364;12927584;10080267;15801568;16006126;17475554;19226692;10598975;10134405;7533548;11202553;13137412;11325207;11877159;13035735;9791429;9638635;10684841;10083057;15737282;21259950;11692712;23939747;10807080;12209126;12142472;11022752
Flavonol 5 ;1152237;1641375;1319304;1096973;1355315;2019382;2377343;1463689;2007373;2756280;4927612;2650759;2504239;3229876;2399023;2998039;1357433;1421942;1244450;990904;1836118;1970177;1690295;2229201;;1494085;1920330;2397347;1833108;2329903;1371305;1573668;1603709;2907637;2177552;1170410;1546386;1513138;1425030;1971816;1811338;1936701;1950924;1998638;1808674;1530890;1920752;1623680;1417507;2811263;1965786;1683760;1463616;1765225;2378841;1996629;1573065;1603310;2070209;2444423;1819519;2061674;1427012;1836636;975043;1390683;1830227;2137211;1863900;1556279;1446753;1599210;1679886;3835654;2071142;2424124;2766759;2775912;1885191;1585438;2398407;2458264;2491017;2897354;1775483;1740268;1116720;1685875;2080481;1974006;1908769;2167925;1499838;1415369;1771438;1605451;2558659;3081858;1840397;3636455;1615478;1841175;1917519;1618120
Gentisic acid;6869;3996;12080;2677;6805;3861;2562;4112;13713;26248;50437;46642;40305;18160;41724;34678;28347;17996;7107;5008;8523;17460;14096;18039;;25079;34923;32858;18392;48696;40302;18219;37152;53742;38636;28767;46306;33830;95795;48878;25302;22647;28887;26456;33522;41819;36716;31323;37085;44177;38448;40936;38370;38336;57770;38255;35347;23019;25791;34615;31878;35049;33943;22668;12341;30886;32834;22852;38708;32041;30256;27125;36405;38483;28926;26770;39397;43470;22250;23078;34538;34230;20812;38974;41694;40581;19754;18670;24813;20163;24802;20496;39434;22367;18139;31005;47845;29256;53902;32432;28027;23755;28772;29477
Glutathione oxidised ;0353;0332;0320;0227;0125;0286;0127;0179;;;;;;;;;;0252;0297;0273;0396;0098;0260;0267;;0564;0630;0527;0550;0416;0365;0295;0485;2151;0555;0502;0466;0438;0210;0581;0585;0694;0680;0486;0457;0470;0496;0601;0536;0630;0761;1002;0424;0968;0664;0699;1045;0430;0445;1569;0703;0910;0663;1335;0281;0544;1003;1363;0528;1303;0672;0561;0748;3104;1214;0951;1526;1338;0951;0614;0685;0578;0845;1269;0478;0317;0283;1103;0653;0762;0719;1143;0596;0520;0749;0599;0567;0804;0602;0637;0592;0648;0354;0843
Glutathione ;0381;0527;0652;0674;0315;0483;0714;0669;1053;0867;3447;1072;1125;1623;1097;3797;1074;0679;0508;0259;0669;0599;0440;1330;;0742;0382;0733;1017;0692;1139;1163;0232;0931;0325;0394;0378;0580;0499;0555;0503;0407;0610;0449;0458;0868;0540;1241;1025;0452;0412;0615;0348;0420;0666;0703;0811;0475;0580;1279;0637;0466;0416;0408;0596;0529;0625;1068;0688;0715;0686;0400;0637;2200;0600;1084;0691;0915;0504;0681;1697;1950;0921;1538;0525;0440;0443;0717;0483;1889;0600;0536;0604;0712;0512;3349;0729;2525;0687;2311;0510;0802;0645;0488
Jasmonic acid (JA) ;7312;16571;12696;10253;23061;17140;27367;8721;28609;43015;40260;30596;54836;47051;47834;18756;16849;17795;14233;11405;11262;28665;12596;20957;;7825;9135;7955;20438;13191;21524;10633;18586;23781;26858;21503;15004;17121;10997;23809;17566;12220;12064;20384;11296;17160;18293;12962;19174;30608;23874;23605;6462;18352;21792;11861;25657;28293;10445;30974;34146;22851;18053;21410;9084;28575;23081;35547;13761;18196;6095;15743;12736;47868;7702;53140;55921;4216;30492;18123;51959;24582;28547;62572;27735;39573;5411;5988;6557;21095;20342;28096;7232;18317;10287;5860;30918;18502;31289;43408;15501;10669;12064;19626
Kaempferol ;5386;6539;6423;5019;5595;7940;9501;7786;10502;11665;17806;12779;12704;10985;10311;16980;6783;5962;6291;5430;7806;8561;7915;9379;;7258;8414;10632;7676;11681;5887;5699;7340;13282;11279;6204;8846;7662;7091;8875;9055;9452;9678;10155;10078;10443;11567;8869;7517;14329;9645;8648;8142;9466;10310;10355;7690;9562;9067;14720;9037;8614;7813;9018;5252;7069;9315;11054;7523;8314;6704;7075;10013;18569;11572;14385;13468;12338;7876;8704;12408;9968;13276;14803;7571;9122;5893;10243;10598;9449;10526;11865;6964;6405;10170;8468;10560;13130;8186;16721;8322;9835;8672;10687
m-Hydroxybenzoic acid ;12115;9172;10759;12751;13024;5296;12720;9804;14846;13431;27630;13761;18873;11422;10559;13980;12609;10545;9707;11129;8579;15577;9288;13837;;8128;15157;16147;15583;8453;10418;12990;13723;27832;20929;4695;10820;14352;17885;14494;14489;17011;17009;5311;16155;14751;18631;18757;17708;25607;14607;28528;14108;22417;21306;24978;19340;15313;24874;25704;19602;26521;16760;15740;9325;9838;15330;21224;15055;17630;17387;20794;4010;31822;23809;24779;24487;15552;19436;16005;19926;17341;23227;25657;11260;16940;9158;16031;17364;20943;18748;19201;17707;13942;14835;16518;27072;23396;21244;30020;14673;15406;15314;18409
Naringenin ;3145;6434;3704;1930;2629;5246;10075;5711;9021;10228;20006;9382;9360;13076;8796;11504;5179;4286;3924;4813;6764;4076;5348;5167;;5411;8499;9487;6311;10351;5165;4565;6118;10155;8865;2554;5055;3372;3105;6118;7783;4713;6688;6202;4141;3415;7674;4501;9153;10460;9372;5848;4733;5309;8058;10015;4806;5029;6771;9008;7768;6552;3082;7757;2608;4771;6087;5992;8475;6664;5589;6107;6497;24677;6427;9686;10830;11497;7567;5958;11166;14759;15042;21667;7083;4326;1925;6737;5265;9354;8546;7183;6142;7441;7250;6487;19472;22541;5893;35381;4099;4777;10058;7000
12-Oxo-Phytodienoic Acid (OPDA) ;31369;43609;36877;38111;23977;108233;50973;41185;4221197;5581344;7314332;3766510;5356381;5860883;4396696;5427485;61872;79173;36893;84140;65699;142528;71296;208834;;94776;106584;137628;77409;122352;72070;138424;78075;122361;68763;58293;103117;36554;278432;75814;80604;129305;76110;100521;86865;123453;94141;98489;117888;174418;207868;155219;100476;242419;165894;240438;143783;153831;363577;279552;125778;341800;79452;143150;116972;150358;232631;188737;94180;111660;65616;76044;79708;168813;93406;129737;74868;101777;57962;40207;98042;115830;143227;144030;37495;46499;34841;58346;163524;99530;154859;54232;33941;57434;81765;49554;72196;133447;106742;92890;42830;56182;36888;59245
Phenylalanine ;680639;490827;814790;662932;525734;846362;698630;799527;11930684;13542332;15757076;12695213;13202653;14626359;14268542;13338224;747270;556809;508493;611493;619475;1545229;704071;733546;;723632;624655;653079;850062;1277396;972788;608064;548444;1022437;915074;583986;641598;880423;800375;852028;634848;461721;708329;637025;764828;551368;658958;490015;706969;855248;634239;556075;849367;642649;1288190;1275277;535765;532908;674759;559343;528529;785302;648488;403659;195527;535355;647518;463635;491803;564525;739346;530196;560846;472101;441428;592603;1176562;686068;424765;473386;650194;667321;640429;818988;566389;690338;279206;347298;788771;465852;659261;598240;749656;442118;529245;527280;1359483;715120;865143;712326;438320;487016;661180;421253
Proline ;2682202;1442542;1393987;2719310;1485067;2407956;4258355;3761299;4169810;4914883;4597533;5200975;4659234;5463303;4258801;2341689;4171550;3544578;2455243;1403548;2389913;3987541;2577962;3684210;;2801068;2320780;2670942;3208809;2107714;4116429;3986918;3041588;3268279;3028821;2329401;2190761;3039139;2373197;4665948;1700477;3812619;1933351;2150784;3071724;2150795;2058042;3082490;2588032;4385795;4136288;2418242;2613843;5338882;4949424;5760894;3597098;3231089;2967505;2379508;4677945;6679089;3919192;4165863;2036719;2971492;2320895;3398230;4718250;3369486;5895878;2961202;3177790;4512094;2509656;4860469;7379605;2583228;3927138;3846431;3693806;5119380;4536449;6118757;4956677;4343286;3474500;2332703;4312106;6643338;3446603;4413340;3423907;3394673;3700011;2140526;22913745;11528662;4059365;12647369;3285830;3109782;4750808;2744877
Putrescine ;8968;6655;9034;11488;9629;11026;9404;9947;4103;9981;10366;7585;11096;8447;5845;4226;12778;7062;5445;7882;9060;10091;8405;13673;;8601;8693;6132;12394;9265;11792;8852;5048;7984;8293;8488;5577;7950;8512;7109;6388;6345;7251;11479;7843;7187;8723;10601;10733;11204;9224;6345;6365;5825;11314;9631;9847;8458;11201;5944;7570;11261;9386;9291;3135;10136;4449;5857;10446;10187;11799;7243;14058;5859;6001;7338;6156;10026;9650;10558;7029;8576;6422;4916;9139;11442;4783;7090;5967;7740;6123;9512;6293;6737;4939;5508;7455;2254;6194;3598;8341;9251;8824;6165
Quercetin 37 dirhamnoside? ;97133;124481;110986;97384;109923;137750;151386;116857;33280;35073;70404;71201;56866;65253;52058;73218;92721;103941;96220;87602;136909;152525;121403;163992;;115127;123275;129941;153469;167857;124644;119082;101917;168832;130249;77655;111914;104105;110900;123256;120179;104304;109307;138506;103000;109975;125003;107613;94881;174488;111313;105790;96034;104985;145537;138321;93546;98082;153951;146538;112133;131751;102541;139163;66483;102738;140127;141860;106293;101500;95886;104111;102034;162594;122717;124513;187045;174340;121092;129201;164838;125905;145005;236890;123962;107247;63415;110090;108604;128619;127345;139294;87621;95186;130817;113318;162042;182794;88943;184192;103591;113925;117359;115447
Quercetin 7 rhamnoside? ;128067;191674;185062;146438;160847;189200;190783;134640;84162;111725;163500;179028;152492;117235;115821;164148;131113;152785;135752;146885;202795;239883;182240;274290;;165805;169432;190173;220956;264331;206667;176789;155001;248032;182799;112791;183770;167810;191679;177373;161230;144225;163001;178546;168302;176376;187545;172510;131294;219149;156951;154865;149316;150636;224464;209245;135401;143344;231692;211032;156299;197082;160457;205002;91130;163628;213761;200994;141793;145867;140302;150249;173756;217095;161466;177689;291317;271139;168137;179906;229066;154349;170563;332888;153341;155971;87850;166509;146919;180131;179194;177760;134257;134871;173454;151892;202242;245884;112914;220210;140258;163776;158449;164941
Quercetin hexosyl deoxyhexososyl ;466058;635279;461627;414487;501655;732223;914098;704472;41198;64615;83485;88242;79592;58867;62929;79147;514200;461992;427261;499531;680971;649258;535858;681899;;489786;521084;705184;644890;800353;451583;575775;430565;802406;629170;332645;448812;456233;361149;576054;524333;489313;522333;621279;468361;395560;553597;481676;531016;876520;504964;457448;375694;398862;634576;538986;406316;470479;598190;685723;481741;539183;405846;554610;318716;450023;516703;661746;482689;416750;413955;442917;496862;975825;658449;654982;758743;731859;533924;455192;712184;603301;673680;1014546;593349;443366;295324;472432;515486;559285;507086;673067;367559;554801;463643;440280;687222;1001131;305585;968417;479501;582752;561972;441966
Quercetin ;0554;0430;0446;0209;0646;0893;0764;0412;;0160;0268;0158;0521;0128;0147;0291;0494;0301;0402;0306;0448;0523;0345;0647;;0790;0713;1418;1308;2929;1639;0762;0754;1803;0993;0473;0670;1068;0961;0996;0721;0724;0952;1124;0704;0736;0759;0303;0285;1707;0645;0726;0900;0768;3047;0770;0776;0438;0657;0572;0452;0464;0696;0704;0341;0564;0558;0977;0847;0639;0412;0606;0367;1612;1297;1057;1023;0933;0607;0625;0938;1687;1016;1136;0612;0472;0257;0126;0809;0531;0487;0599;0352;0163;0556;0743;0964;1294;0183;2544;0302;0358;0552;0284
Salicylic acid (SA) glycoside ;40036;44912;83700;34723;51107;18343;16650;19079;149015;143978;90062;120550;108256;129314;212006;192375;39378;114715;78804;53732;37722;73387;92316;105646;;29150;79944;43548;34367;82895;79197;41501;42870;115370;38446;49975;53799;36049;37083;64754;22869;31495;39064;34778;36125;44436;38558;47316;58518;32092;68202;81917;47674;66271;66198;33262;62334;46520;30947;36530;29915;44896;38066;17409;5865;30082;41290;20823;26899;69821;52902;27905;18125;35034;22475;28667;29543;30748;7653;29755;38625;31064;19447;16890;41152;37886;28272;19624;26885;18607;26962;19411;54000;19201;20451;27306;43667;20202;83606;20396;32768;34702;36429;43206
Salicylic acid (SA) ;12115;9172;10759;12751;13024;5296;12720;10971;14846;13431;25750;13761;18873;11422;10559;13980;12609;10545;9707;11129;6077;15577;9288;13837;;8128;15157;16147;15583;8453;10418;12990;13723;27832;20929;4695;10820;14352;17885;14494;14489;17011;17009;5311;16155;14751;18631;18757;17708;25607;14607;28528;14108;22417;21306;24978;19340;15313;24874;25704;19602;26521;16760;15740;9325;9838;15330;21224;15055;17630;17387;20794;4010;31822;23809;24779;24487;15552;19436;16005;19926;17341;23227;25657;11260;16940;9158;16031;17364;20943;18748;19201;17707;13942;14835;16518;27072;23396;21244;30020;14673;15406;15314;18409
Scopoletin ;21372;23034;16498;5040;10916;5758;10660;13977;1302;;0231;1023;;8976;2172;0781;33138;31095;75252;47349;31139;28757;38561;43735;;48956;86363;104493;37904;50112;42192;57935;78147;68421;75066;53520;49954;65762;41961;57357;33162;84314;85095;67546;33676;42582;23579;44099;73138;84266;65955;26028;54460;65534;71300;38296;75756;70642;15869;112223;62006;18793;59242;74995;50077;56717;66275;100899;53206;57120;19286;49486;52323;175819;123354;116469;100378;82688;83520;69177;74033;84281;76306;81138;62727;32662;34591;45535;34727;51258;63426;22950;46638;42702;9464;50261;55175;85798;9133;91655;50530;59323;6352;55636
Scopolin ;603721;369841;592409;267791;343671;362625;404765;313264;188340;185694;80818;63285;108908;154253;220915;299173;363427;783611;594736;510400;379370;485089;625962;738385;;367269;616921;524689;396401;402801;376662;375870;357068;944621;400418;434274;485043;370428;358778;434090;371497;306670;462247;454337;435388;521420;545373;659216;697916;408871;621792;642003;519385;587062;506502;445381;625729;477230;549844;822114;505222;584345;512215;527989;180616;519660;531331;543522;378800;539137;641770;316969;244305;494822;383878;415644;425500;510035;201361;378497;479205;667300;666963;654768;555058;567361;353200;486199;465166;507087;674188;553959;559691;424535;524473;532973;430530;349170;567660;415959;416114;448733;507294;453005
Sinapic acid;155571;147425;173700;266995;222353;;;227780;25821;33101;46491;49514;5002;42221;30136;57565;622187;587493;455690;295189;721915;717182;608282;777314;;966606;639333;1361563;1331263;1958186;1532779;752823;1006731;1788359;1411333;673533;1219190;943158;1691949;1076459;830688;924430;1051854;685450;927870;882941;832169;702862;885602;1601624;1026687;841214;704274;929503;1986408;1261620;770232;433610;563526;862704;518821;658602;635582;699451;379133;495500;853797;820305;856988;724278;629974;799389;935928;1603714;779872;1050173;1738963;1291485;855146;571569;1027429;983774;946651;1388601;713830;655502;366648;499482;876294;795760;607920;575171;691028;401046;674825;762687;1645821;1684847;610364;1843565;615037;620635;679136;562993
Sinapoyl glycoside ;6676;7319;5292;5336;7552;11436;10841;10383;;;;;;;;;3599;6908;3409;3495;7330;9922;6414;8157;;2520;4908;5229;5135;2752;2072;2901;2782;8633;4850;1959;4182;4629;8357;3093;3211;3159;1651;2337;3621;6883;2615;4004;1460;5963;4721;2798;4445;7101;7339;4409;4971;5004;6640;5854;7249;10802;3477;4631;1889;1641;6522;2843;2185;5269;3682;2455;5738;5831;3002;4103;5014;7961;3203;3981;5094;7160;4491;5724;5482;3775;2041;5656;8595;9603;3992;4592;3184;3847;4112;2926;5511;8452;2427;8459;2999;2590;1196;2669
Sinapoyl malate ;60863;11645;63365;63208;20180;;82603;21643;0724;2644;2972;;1908;1245;0600;1951;31655;25585;29246;36964;60525;11647;42642;9019;;28260;23869;35427;44512;45875;2404;38506;22147;37118;25686;23236;20965;32115;32658;29784;34963;27830;37854;21172;31883;21172;20109;35298;18256;31921;29968;29673;17892;19308;23588;32957;30470;16926;22470;25694;28599;24381;20192;23502;14208;34394;25329;31869;37694;34013;28635;28393;19463;14501;22931;25343;30666;40903;37939;28078;41397;15492;19245;28566;20015;32470;18250;27773;9944;24711;26885;11500;17016;15921;14616;29253;17611;16693;12956;14886;27202;28654;43560;26188
Spermidine ;26165;127968;90279;45534;110093;193644;173427;31625;226462;398538;594675;211816;519341;536958;400740;668295;67595;48055;54237;57215;174455;205543;134107;216474;;34653;68108;34146;124239;139681;280090;103709;603560;1000127;870962;510223;781222;608896;233181;686018;641470;816848;186426;875190;859357;970212;756779;838150;364170;775156;744884;680918;427969;740774;776706;891267;648703;639676;;587881;939884;1105315;784663;975297;271477;676572;821155;844297;774399;2844;632036;742876;676667;273447;487965;60080;1243869;1278840;918772;959803;929023;142236;154537;226212;691230;581617;395623;867828;108091;117054;521949;481884;567570;797662;903152;158551;152958;529791;146431;316109;867536;757522;667155;1032087
Spermine ;0326;0630;0532;0406;0329;0792;0719;0555;1428;1418;0874;1283;1087;1919;1769;1096;0657;0300;0257;0392;0398;0326;0138;0290;;0304;0234;0511;0531;0443;0886;0402;0181;0866;0387;0393;0334;0413;0662;0198;0651;0387;0317;0143;0446;0561;0227;0578;0251;0765;0604;0405;0526;0287;0282;0589;0747;0497;0714;0218;0590;0682;0258;0414;0316;0492;0358;0308;0673;0619;0115;0311;0274;1081;0410;0792;0283;0600;0267;0216;0421;0682;0396;0967;0466;0555;0107;0302;0720;0921;1055;0276;0494;0522;0470;0596;0606;0677;0829;1157;0647;0704;0342;0603
Tryptamine ;2712;4923;1199;1590;2376;2645;16288;1943;;2456;4807;5224;;;0179;;2575;1639;1029;;1721;0311;1980;0405;;;2437;;2115;9123;1150;3752;2408;0559;;;;1214;0356;;;;;3222;;1725;;;;2415;2616;1348;;0476;1068;;0106;;0747;2229;2400;;2397;;;1920;;0888;;;;;6338;3054;0839;3530;;5133;0251;0127;4301;1070;1715;;0667;;2035;;1552;;4500;;3737;;;1917;1044;;1658;;2802;2849;2795;2857
Tryptophan ;120066;148192;198161;112007;143015;142668;166341;177654;609620;768427;777498;658272;722478;689799;668451;681420;170384;99118;87182;115004;157093;429762;157280;218167;;132189;115423;121496;167886;174028;167714;133522;106282;180655;183832;128504;124399;220429;131876;181215;128733;84006;148210;184092;143953;113631;146186;133731;113132;156499;147773;126846;207383;135618;246982;254657;129878;116911;161601;121922;165740;201202;143984;102092;44308;119508;126674;98763;126304;138363;207438;89712;66165;105333;90043;127765;299605;167463;97584;119542;194444;117398;114505;150627;109276;119900;60927;82629;192132;110972;133335;131251;130781;97330;101493;96350;204295;150365;181320;117845;96698;103055;102652;90002
Tyramine ;16727;56434;44004;29696;35488;49726;44391;23076;42788;41468;91605;30938;46253;76128;68213;42880;13646;22406;24463;12518;49939;53683;29282;50951;;34964;23203;37809;43173;44056;45234;35819;30373;63104;41037;22677;39891;48860;63784;62702;38467;25178;36171;44715;47336;51875;49749;41165;17926;81174;31874;34799;29653;43862;39274;59896;31808;23178;50957;61523;43168;48510;37064;43992;21962;20512;38073;57710;31510;44654;33334;32904;54774;96302;35751;36642;67417;69002;51333;53132;73558;42769;45358;71977;41230;23542;18301;45453;27980;28277;38160;39506;27773;45795;41194;44752;45974;68981;36646;76135;33019;29829;26403;56261
Tyrosine ;1861;2120;2804;2493;2424;1945;1803;1881;30002;31112;34537;36147;31908;35426;28752;28432;3443;1048;1360;2625;2585;3768;3296;3318;;2166;1695;2251;4260;4479;3342;2439;4268;2987;3607;2378;1977;3474;2885;3344;2579;1101;2550;2785;1789;1918;2945;2219;1761;2942;2226;3721;3300;1685;3619;1703;1319;1440;1932;0831;2653;2097;1732;0799;0952;2283;0795;1046;2275;1896;2576;1307;2785;0934;1550;0866;3242;1302;1346;1657;1975;1176;1181;1696;0896;2119;0586;0259;3066;2171;1404;1549;1839;0967;0514;0698;2098;1953;2728;1719;1391;2639;1506;1357
Galactinol ;113121;151172;161399;149314;105699;107960;128118;138471;36313;38803;45647;65685;62838;54027;40207;41481;101351;70910;82025;129303;138250;90938;81730;126020;270090;66933;95925;96981;110494;59894;121177;76964;93179;74384;117256;140388;93923;65326;91453;74278;195364;140987;95728;98436;109698;75958;131217;104825;121047;133078;175251;128823;115825;102255;95478;160830;113873;145694;119045;179760;78385;92679;106558;1280397;91399;227532;104023;107328;94829;145775;150156;129261;412142;296362;347033;247038;134421;143583;109595;95880;304008;263001;226712;298764;104531;139019;113728;109290;257698;201493;250948;233210;59649;92924;105733;41431;1053059;1155122;950491;162996;107252;205345;122751;95608
Glucose ;4985513;4919709;4815177;4409231;7212253;7273318;6749602;7736257;7850925;7586985;9505816;12839549;8157235;8375588;8411090;7271978;4623181;3226589;5501447;5726638;7925220;6934567;6905541;5350766;5954345;4550151;5822949;4091597;6310902;6546625;5081125;5509923;5798609;4479555;3747202;4625945;4617805;4063340;5599680;4823566;3399654;4805416;3876302;5543042;4516109;6265527;6057496;5914372;6127595;3334151;4252387;5786777;2989509;5676418;4317501;5369676;1471958;3402522;3936742;4470902;4104222;3574250;5045379;5293097;1983528;5900182;3914795;4253983;4166707;4055670;6490302;3768048;5723819;5448211;5912340;5221959;4118197;3509188;5751294;5657233;4198510;4906644;6722406;8379063;4132913;4434984;3565990;4223175;10010017;7722794;6458122;6606062;6022646;4139307;3710316;3274631;4067801;22326531;16304587;18030464;7804822;5020748;4397774;3171976
Maltose ;4921524;3346183;2654057;3809895;8813062;4377707;6610761;3214428;3480462;2654751;3110688;2799303;1948099;7707460;2274694;2217417;4257372;3209193;4012021;4918892;4884041;3595573;4772758;3574496;4477448;2958018;2734973;3191716;5012279;4151017;4213006;3784293;2899719;2158386;1791931;2450966;2343220;2585921;2926664;2631727;2884233;2896619;2988552;3379811;1747113;2332310;2590947;2549516;2777495;1552236;2030715;132021;2205572;2101486;2025380;2356544;2171100;166993;140824;2378932;1841694;2107141;288815;5239857;69664;2447201;1495326;2103881;2122805;2344537;3424095;1799244;281689;166006;3998385;3130117;1923118;1809583;2307178;2514712;1277020;3003896;4062630;3252210;132927;3186368;244721;1873845;4193367;727250;1887769;5853859;139192;2169826;2345592;1446359;5008167;4668583;5662868;2594994;3179631;4715603;4882693;3127223
Mannitol ;17358;16449;11267;12006;32426;24859;22599;28448;26670;56148;119097;26080;21653;43310;18722;25274;18071;20286;29257;27222;18676;28629;31723;28127;32059;14370;6409;17484;29102;19695;28808;37167;13644;10204;14404;12566;15363;11688;23580;12911;14692;22976;17315;12991;21091;24760;27605;10328;23008;10378;13450;13134;16497;10201;16799;15380;7449;12452;9312;13930;9088;18072;14865;9134;8347;19913;7320;10554;8788;16437;18018;15186;18832;14090;15961;13323;11243;13261;17302;13036;17209;16077;22058;21291;12660;17041;9949;9600;35794;22301;20756;37692;13603;10538;13021;10602;53851;41745;53478;16786;12954;10819;17297;15833
myo-inositol ;1777957;775821;1027535;1223639;2404641;2049204;1275000;1514084;4404518;3882020;4619866;5561131;3079495;4112415;4084124;4682739;2167083;2038328;1970375;2494129;3392271;2240824;2729985;3010671;2418086;2221708;1787916;2611039;3508367;2265327;2328555;2048183;1906503;1745210;1451207;1568935;1651969;1764978;1425006;1440425;3340009;2625548;3137701;2877214;2190930;2891271;3341052;2939553;3384180;2342415;2805292;3004920;3075398;2740825;2960246;2577646;2665715;2953893;2344855;3447370;2137078;2846032;2579809;3474750;1749424;3783744;2138151;2807340;2908314;3616007;2958118;2333330;3869214;3062858;2926525;2864057;2605314;2819465;3052462;2776803;2995928;3009489;3513649;3142403;2878772;2909973;1745779;2034987;4390430;3330790;3212552;4250575;1930164;2266887;1705206;1361061;4368472;3915408;5555983;1620818;2285303;2951955;2985725;2091395
Raffinose ;154171;145435;132554;139745;152699;140354;260976;230008;8901;13016;18229;13798;10638;10051;14704;3903;148921;89138;90627;149272;137377;122268;74034;194667;166552;49617;74034;85246;97494;66322;174667;61649;80904;81785;113305;141977;129889;72515;72618;85213;139844;216904;139874;136151;111226;52383;189987;160430;126659;80995;132199;123790;52709;65417;51860;139673;181000;173839;183411;217899;145497;110615;110282;1567481;101343;188653;113198;70178;133077;166562;213438;103418;551736;403941;277838;319683;297969;177974;137342;144723;462379;304865;183585;265609;205795;266389;188166;169843;188458;258051;190449;190664;87183;94136;160674;28873;963027;1009079;876137;163323;92557;135319;70506;78329
Sorbitol;147166;174001;102363;144801;371765;261680;243654;322743;195852;460354;143344;282319;230279;326158;270817;170987;89641;133833;235259;192387;155368;247928;240762;193604;172970;153382;66581;182957;193306;194389;238791;313782;146369;110951;150478;134711;163631;127548;306170;140831;150092;130377;130172;137424;246899;273793;259526;106794;204756;94261;133543;112223;137678;107363;133557;137992;79052;123844;84148;126784;86245;156510;158845;522421;65166;167050;77025;121408;92407;160050;117837;120961;160278;138939;147526;132151;118929;121551;161286;139311;147075;156431;207505;182168;125437;145795;104554;79206;225611;207209;223703;358990;120629;108454;96736;97189;499874;374863;419318;178365;104363;117636;86345;134507
Stachyose;91710;88883;91122;84376;91891;84958;89617;90625;83775;76810;82136;106775;87010;91140;74748;80890;89747;66825;80391;96403;93257;76488;95984;87243;102980;89709;83308;92979;94272;76373;89994;85905;81572;69918;73393;84184;73015;73533;89488;79173;102199;85868;83393;92377;82434;79938;96169;90865;93960;62690;74730;80997;71098;76159;72993;92782;75670;70691;68306;96467;73444;78255;83653;226399;39752;94238;57650;81749;77759;78258;102882;67300;106964;96494;97149;91151;94988;75342;85970;81723;91248;76451;79379;87623;73362;77064;61432;66423;77309;79349;81366;105117;65710;73251;70489;48276;193376;217889;169857;89061;69871;94275;92667;66372
Sucrose ;1384217;1747844;4789399;6819549;3399480;1454740;6480081;4779154;1750;2129;1887;5735;14352;19117;5990;4381;1006313;847199;516632;876280;1134778;4025327;741749;4062196;655719;516308;437315;669057;821483;624541;520259;576990;699292;440686;498046;780456;912902;874111;615283;1868115;611555;1007258;950998;1437496;2930179;634694;1470144;798561;765046;333512;461130;443990;235846;332521;339346;447138;1374929;1468196;1456114;1021834;987782;1665152;579639;2809476;488857;851328;553558;468637;855358;841206;1381149;537339;2347469;1320025;1145645;1319726;6643397;1567156;2658779;1047036;1905841;824727;485492;835919;2608540;1792506;959900;1523086;507320;860432;401625;312379;980839;483695;1323325;183660;3293881;2303208;2521316;521342;824230;418136;333865;383413
Trehalose;39243;25060;43582;106583;73648;71088;59795;78754;8262;9400;6758;9907;77218;55914;11835;9328;17708;14418;21465;26631;13228;10621;17038;12796;24060;69963;51705;46755;17304;12581;18836;26676;56805;45052;56133;72227;49384;55413;80229;55825;27709;22921;10979;13743;61187;49925;8730;14802;11689;42750;34724;40465;10382;7842;8107;6297;8135;11494;8618;12119;31222;14834;11721;31583;6159;27581;11303;30936;12208;9378;11166;13047;11696;9840;10145;23841;17425;12978;23343;11662;11421;11577;21346;23896;12893;12563;12496;3060;42982;34065;21174;29259;19170;14227;9719;11744;51720;65510;59706;89842;36459;51654;63760;34233
Fructose;12352460;17092801;20642730;19308371;24174081;22221839;24116345;23089785;26640238;28063670;35472825;67713646;28531988;39772489;32882110;23695626;18993787;18353585;17898965;23209597;35303613;27474911;24528998;20362734;24559767;22495919;22172846;31016401;26659286;17666392;21456718;21711598;31303813;16893596;17644827;25418155;20723994;23210378;32432777;32345166;22735196;17065496;17933439;17872800;28602935;19727928;23878985;12546571;19785528;13207950;19623338;14144762;12424010;14701795;12980768;21295617;13961856;15348557;11666153;17803673;13489854;16659175;16451680;59055748;7148542;22645130;10618272;13042352;14170357;17152533;21755516;10944620;19544195;18652106;15099283;15149279;17721700;15336300;13870584;16250821;18401167;16741488;21889486;16380257;15959788;15982283;11308700;10314567;16592428;15389077;18798663;30574131;9521220;11903786;13729094;8492581;38956595;26025195;32155019;23817917;12153764;10612119;14025317;10220132
Pro (aa);99010;81301;85470;76923;81301;85470;100000;90090;80645;82645;80645;84746;90090;85470;81301;97087;98039;83333;80000;87719;76336;96154;84034;91743;86207;89286;99010;84746;71942;93458;99010;96154;80645;87719;93458;87719;94340;81301;78740;91743;69444;82645;74627;84746;72993;83333;84034;96154;78740;80000;74074;86957;77519;89286;84746;93458;86207;95238;89286;95238;99010;88496;90090;66225;78125;71429;94340;90090;79365;75758;89286;92593;80645;86957;92593;100000;95238;90090;89286;76923;86957;64516;56180;76336;69930;66225;74074;93458;59524;69930;64103;#VALUE!;#DIV/0!;92593;84746;79365;74627;85470;72464;67568;74627;78125;67568;79365
Ser;22620;15773;19561;11762;15903;24095;14747;22444;21758;22524;18187;38185;23129;30598;20018;41291;26856;18323;17920;9233;19304;17642;21360;19987;21628;18345;12607;15360;13196;14589;15092;17266;13648;17129;10669;16547;15798;11805;13120;8969;16381;18184;13641;27352;9393;14765;17600;20974;8535;6482;8653;8444;8625;12536;9081;10204;16434;19243;11683;11187;11482;6505;11992;8149;11506;11959;11478;13715;7115;8473;12118;12714;11070;12328;21265;16615;7751;13329;11734;10923;12284;6031;6463;10503;7051;7529;11622;14530;25958;17103;21272;#VALUE!;0000;48818;18206;34495;6925;7403;8480;5180;6477;10170;6746;11899
Phe (aa);54469;108999;140153;106090;139373;178251;125260;144191;341775;362559;272008;548708;386004;402394;296339;627586;191617;117487;110049;62289;135122;166829;133409;134524;220865;122546;99789;118245;81298;103024;128273;137811;118065;140231;108770;144096;112281;86276;104394;73510;114225;144449;103213;200120;75897;105917;126460;135861;59734;46786;63044;66968;40984;82434;47248;77578;161141;117833;84320;79153;92016;49055;90709;60916;60734;75945;89070;79209;56349;56465;85521;54275;67229;78383;93017;103265;54199;80325;65674;68513;81837;37323;42720;51539;49130;57893;71828;81235;51089;38822;59077;#VALUE!;#DIV/0!;75951;67642;98355;46886;40295;44596;23209;45133;72049;44926;75766
Arg;168990;12768;15211;11304;15645;16374;10350;17533;63092;63999;47358;95361;77601;80219;54228;158812;21644;13571;13511;7056;10095;10883;13618;13915;16155;19092;10242;13772;9720;12138;11524;13073;10953;16209;10635;13439;13559;9535;9251;5885;11641;13900;10698;22997;5778;10099;12619;15401;6197;5367;5895;7545;7722;9912;8254;7508;14639;18149;10008;11204;9303;5869;9820;6444;9977;9291;13007;18160;6624;7463;9039;12026;7524;8599;18089;11935;5531;10262;12338;8108;8391;3983;4250;6586;5276;5199;7714;10169;6135;4776;5488;#VALUE!;#DIV/0!;19892;5320;11348;4541;4172;4372;2458;5009;7123;4298;8585
Gly;0000;0081;0142;0085;0107;0208;0128;0113;0226;0252;0188;0549;0317;0339;0285;0585;0088;0113;0114;0067;0111;0085;0086;0040;0093;0123;0065;0063;0068;0087;0104;0126;0096;0058;0061;0145;0045;0111;0069;0055;0023;0049;0046;0074;0035;0087;0083;0052;0047;0019;0034;0074;0070;0072;0096;0044;0065;0081;0039;0058;0072;0065;0090;0035;0052;0046;0057;0061;0095;0029;0061;0158;0025;0022;0097;0036;0037;0098;0061;0058;0041;0020;0055;0026;0044;0066;0055;0108;0104;0033;0072;#VALUE!;#DIV/0!;0159;0049;0114;0009;0009;0011;0007;0064;0057;0024;0056
Gln;15994;195635;263624;206895;224681;270014;189594;295388;146946;146604;121143;267952;212437;225651;140462;338477;203779;211937;193044;107442;170217;162973;197668;183263;207806;284801;154950;178222;139870;174460;148339;158193;158189;190036;122613;187827;173405;153053;129034;86612;131775;129349;126600;262875;84220;145006;164746;193586;102974;69919;76626;110340;126789;132580;142529;77768;186056;259054;126565;152249;133566;107807;144744;107898;142929;140918;173621;256501;105799;114431;138510;192540;92248;103240;179465;128597;86837;158088;157583;128375;114507;61601;74227;95894;88160;88273;120816;156673;100262;62745;69437;#VALUE!;#DIV/0!;117535;79929;131792;28576;35046;32597;26757;83462;116125;61135;128449
Lys;305197;178654;0045;188115;237383;246028;239586;269812;160618;123281;110834;232892;370565;330726;128416;487558;253983;176685;143860;111281;109669;134683;236753;188771;217887;245965;152120;195971;141805;199445;167592;165952;158533;214000;160823;161635;192902;134167;103988;100046;114522;34095;126083;222059;57573;124718;181761;252933;111376;50380;79883;113139;114055;125471;130249;106150;224960;364560;120194;161053;154400;78363;130561;104091;149667;131328;195152;306856;79942;98276;155548;193163;99255;148882;217184;161046;83813;142577;143412;108742;170917;58908;53206;97455;58293;47368;114221;197020;97218;65895;80324;#VALUE!;#DIV/0!;287760;0000;59041;67715;74370;30802;17011;66358;102632;56805;126075
Thr;17790;28259;36046;27132;35924;47274;32927;37544;83058;91021;67810;156501;121014;121664;86638;191168;48004;29451;27185;15639;34335;41991;33596;34359;55114;31286;24854;29994;20250;26677;32005;34653;29186;35048;27131;36424;28615;21496;26507;18558;28688;35996;25329;48531;18899;25904;31834;34153;14635;11762;15878;16759;10243;20773;12071;19567;40162;29651;21070;19871;23036;12035;22503;14657;15150;19150;22414;19802;13945;13942;21209;13703;16836;19656;23124;26206;13502;19827;16423;16701;20369;9248;10492;12822;12132;14026;17661;19944;12758;9802;14695;#VALUE!;#DIV/0!;20647;17260;25216;11735;10272;11183;5858;11131;18183;10925;18935
Asn;28706;46773;49530;34154;53570;72821;43165;48034;267882;279162;213924;407777;273651;296466;232135;538369;86149;49885;50704;27816;62591;73778;60799;61106;99620;41306;41900;50423;39848;44532;47503;61760;48799;66184;41572;53622;42686;36233;50824;32387;64214;75935;56067;86605;36516;51625;61950;58868;30178;24821;34917;33933;15688;39782;20570;33731;66243;34086;33804;26019;39729;17223;37828;27713;20389;40488;28301;25201;22665;25966;35761;17204;31331;34607;33489;32721;20216;23585;21244;30506;31933;19275;22133;24688;19098;24828;35435;24908;21501;16667;28035;#VALUE!;#DIV/0!;27921;32498;52179;24805;16126;19475;13156;14476;30232;23186;32395
Trp (aa);0396;0022;0031;0024;0027;0038;0037;0032;0038;0055;0034;0080;0058;0043;0045;0122;0043;0028;0023;0015;0042;0054;0033;0040;0061;0012;0013;0025;0011;0024;0028;0025;0027;0028;0019;0031;0020;0014;0028;0019;0027;0029;0023;0035;0023;0028;0031;0034;0019;0010;0012;0014;0005;0011;0008;0012;0034;0025;0019;0013;0021;0012;0017;0018;0013;0025;0017;0011;0014;0012;0021;0013;0012;0011;0014;0008;0007;0011;0008;0011;0020;0008;0011;0008;0011;0017;0023;0015;0012;0008;0012;#VALUE!;#DIV/0!;0014;0017;0017;0024;0016;0016;0010;0007;0016;0012;0016
Leu/Ile;28693;47246;48912;34540;52400;72389;43574;47207;265370;281961;212538;405090;274696;304834;229447;551271;88355;49326;50201;27587;61880;75123;60345;61521;98759;41199;41612;49350;39485;44185;46546;-0030;48383;64751;41227;52810;42431;35876;50447;33033;63439;75361;55483;84790;36111;51119;61555;57354;29986;24516;34603;34039;15635;40197;20237;33544;65855;34038;34072;25988;39470;17405;38848;27247;20685;40925;28211;25240;21842;25724;35021;17017;31151;34514;32815;32721;19436;23511;21237;29795;31863;18827;21308;24968;19079;24820;34166;24859;21733;16661;28035;#VALUE!;#DIV/0!;27861;32346;52179;24805;16126;19475;13156;14476;30563;23073;32327
Met;6284;1955;1633;0852;1585;3019;1354;1782;1739;1670;1041;3119;2042;2245;2138;5738;1217;1650;1457;1082;1623;0708;1963;0499;1329;1855;1095;1318;0854;1287;0595;0648;1579;1825;0553;1861;1322;1592;1347;0855;1734;1784;1472;2366;0718;1647;1826;1576;0729;0236;1033;0969;0830;1050;0790;0731;1823;1126;0596;1083;0692;0647;1061;0786;0643;0652;0657;0693;0692;0806;0602;0716;0813;0992;1090;1475;0281;0844;0949;0986;1331;0736;0991;0913;0865;0969;1384;1037;0866;0725;1101;#VALUE!;#DIV/0!;0208;0640;1370;0537;0325;0549;0351;0307;1085;0829;1073
GABA (y-aminobutyric acid);86585;147855;189406;131925;200754;234842;137668;241690;281853;266503;175602;445345;316163;308176;233723;619628;209494;175827;162879;91534;142562;134144;185402;161459;225340;285339;137870;194587;137063;163877;137623;157098;151812;220315;136894;182903;190327;143671;123378;75513;139265;155878;132949;273634;72558;123611;154427;192331;86009;65260;75184;110464;123135;128171;121171;91578;204270;266424;124153;155662;115430;73158;132636;70715;148800;133020;173436;263976;80600;113809;115673;173601;102305;111473;239987;167842;75532;152678;160129;101725;132655;60492;74199;104914;61863;60591;94465;129968;105784;74100;85552;#VALUE!;#DIV/0!;299926;71270;150975;58674;69177;61894;33061;77347;107044;46701;115203
Tyr (aa);10072;1928;2096;1382;1957;3341;1729;2139;17552;18055;13693;28491;21508;21214;15535;41638;4789;2079;2428;1185;2325;2527;3054;2342;4887;2065;1697;2103;1507;1725;1794;2408;2099;3227;1700;2202;1876;1394;2395;1377;2999;4170;2740;3952;1303;1775;2727;2793;1205;1014;1462;1241;0943;1718;1010;1602;3593;2026;1639;1439;1944;0728;1603;1115;1081;1610;1554;1622;1060;1050;1665;1138;1344;1468;2478;1622;0805;1229;1199;1066;1762;0723;0761;0937;0820;1189;1736;1409;0873;0670;1306;#VALUE!;#DIV/0!;0393;1089;1813;2262;1573;1669;0917;0553;1158;1150;1393
Leu;27452;12931;13776;9470;14907;20031;11863;13022;74133;82619;63319;113000;79430;87384;64521;151541;24123;14143;14068;8158;17553;20607;17152;17144;28144;11564;11715;14185;11226;12470;14078;18250;13793;18698;12203;15959;12107;10144;15240;9136;18163;21519;15932;24510;10367;14623;17583;16665;8615;7073;10545;9639;4648;11181;5877;9604;18848;9791;9620;7375;11128;5114;10805;7891;5886;11457;7999;7165;6869;7299;10214;4815;8748;9836;9603;9382;5804;6805;6379;8552;9067;5480;6330;7088;5514;7131;10205;7142;6229;4816;8125;#VALUE!;#DIV/0!;7521;9178;14808;7142;4651;5588;3767;4100;8652;6712;9304
Val;43425;15193;17607;15781;17895;22443;16473;21571;54240;54559;39866;85523;63630;66167;47009;136111;22570;15843;14889;8141;15198;19682;16853;17223;20310;15845;11854;12891;10617;12535;14267;13837;12000;14698;10335;13870;13273;9763;12019;7789;12654;16277;11708;22635;9381;12328;13956;15216;7107;5416;6761;7626;7009;9886;8036;8000;16322;17592;10667;10498;10360;6137;10321;8330;9153;9787;11544;15386;7008;7296;10018;9551;7725;9020;13866;11770;6898;10637;10125;8974;9243;5223;5208;6691;6440;7517;9366;10783;5538;4982;5770;#VALUE!;#DIV/0!;6888;8577;10297;7337;5898;5809;4538;5274;8818;5652;9532
Glu;17143;68699;79908;69048;86116;92373;64770;100516;18167;16112;10828;26190;25047;20769;12001;46159;77059;67410;61609;33517;47871;53481;71070;70223;62392;88060;51877;61080;50898;61450;46586;51065;55796;71104;45658;57493;62005;47447;42848;24713;52672;60344;47805;102750;23749;45159;50372;66572;30134;21385;25402;38041;35084;46127;39591;29855;78919;83422;48957;52167;42962;29993;46949;35707;48948;42853;59808;84793;30749;38150;42589;53880;33226;44944;58013;49448;26904;53471;52464;45408;43434;22180;25508;29716;28904;29806;38175;48210;25707;22363;24426;#VALUE!;#DIV/0!;58601;24937;43842;14712;16969;18331;11433;26328;39083;21364;43692
Ala;0000;6312;7384;7204;7308;9367;6935;9504;24178;22985;17002;40183;30990;31272;21368;63608;6177;6628;5272;2990;5121;5639;5502;5890;5017;6591;4460;5059;4211;5586;4151;5688;6355;6936;5693;8168;6666;5386;4698;3732;4409;5147;4111;10406;3222;4391;5641;5587;3043;1855;2395;3066;3424;4460;4113;2693;6568;8331;4200;4430;4171;3161;4188;3209;3737;4015;5077;6957;3201;3420;3940;4748;2937;3183;4688;4232;2565;4660;4465;4697;2962;1759;2053;2550;2834;2567;3521;4397;2365;1656;1564;#VALUE!;#DIV/0!;5437;2055;2938;1461;1463;1369;1027;3041;3759;1995;3947
Asp;0000;10382;12727;10112;14289;14103;8718;15119;7449;6848;5618;10879;8879;8872;6456;16659;13881;10163;8354;5821;5598;5162;10149;9082;10176;13355;8562;11119;7736;10529;10380;9827;8981;10983;8763;9518;11505;7954;6447;5183;6506;1722;7178;14548;3194;5938;9052;12349;5541;2883;4081;6137;6612;7116;6664;5788;11684;20184;6920;8368;8087;4173;7279;4524;7633;6597;10235;16952;4462;5106;8197;10711;5266;7477;11589;9336;4556;7407;7149;5470;8639;2924;3119;5758;2985;2852;5809;10102;4445;3520;3798;#VALUE!;#DIV/0!;15328;0000;5337;3464;3799;2326;1265;3405;5440;2952;7261
His;70088;13199;15191;12826;16460;20841;14567;20424;17306;17768;13053;28226;20528;22648;15908;45801;18423;12741;14046;7042;12400;14772;18856;17643;18835;18119;12012;11379;9937;13229;10261;11330;11743;16955;10582;12489;12794;8679;7613;5966;8467;63263;10203;22470;4362;8886;14827;19022;5929;4531;5207;7455;8527;10093;6649;7336;15311;21217;10026;10057;10156;4701;9471;6035;9552;6871;10495;17846;5247;6072;9707;10695;5798;8588;14920;11142;4962;7686;9822;6318;11232;3806;3939;5385;4456;3194;7044;12921;8335;4757;4208;#VALUE!;#DIV/0!;17812;13035;9248;5087;4674;5524;2537;4203;6820;3377;7870